sentence,answer,name1,name2,verb,object,original_prediction,ablated_prediction,outcome,top_head_1,top_fallback_head_1
"When Tom and Sarah went to the store, Tom gave the ball to", Sarah,Tom,Sarah,gave,the ball, Sarah, the,determiner_or_possessive_fallback,"(9, 9)","(11, 8)"
"When Tom and Sarah went to the store, Tom gave the keys to", Sarah,Tom,Sarah,gave,the keys, the, the,determiner_or_possessive_fallback,"(9, 9)","(11, 8)"
"When Tom and Sarah went to the store, Tom gave the drink to", Sarah,Tom,Sarah,gave,the drink, Sarah, them,pronoun_fallback,"(9, 9)","(8, 3)"
"When Tom and Sarah went to the store, Tom gave the cake to", Sarah,Tom,Sarah,gave,the cake, Sarah, the,determiner_or_possessive_fallback,"(9, 9)","(11, 8)"
"When Tom and Sarah went to the store, Tom gave the letter to", Sarah,Tom,Sarah,gave,the letter, Sarah, the,determiner_or_possessive_fallback,"(9, 9)","(11, 8)"
"When Tom and Sarah went to the store, Tom handed the ball to", Sarah,Tom,Sarah,handed,the ball, Sarah, them,pronoun_fallback,"(9, 9)","(11, 8)"
"When Tom and Sarah went to the store, Tom handed the keys to", Sarah,Tom,Sarah,handed,the keys, Sarah, the,determiner_or_possessive_fallback,"(9, 9)","(11, 8)"
"When Tom and Sarah went to the store, Tom handed the drink to", Sarah,Tom,Sarah,handed,the drink, Sarah, them,pronoun_fallback,"(9, 9)","(8, 3)"
"When Tom and Sarah went to the store, Tom handed the cake to", Sarah,Tom,Sarah,handed,the cake, Sarah, them,pronoun_fallback,"(9, 9)","(11, 8)"
"When Tom and Sarah went to the store, Tom handed the letter to", Sarah,Tom,Sarah,handed,the letter, Sarah, the,determiner_or_possessive_fallback,"(9, 9)","(11, 8)"
"When Tom and Sarah went to the store, Tom passed the ball to", Sarah,Tom,Sarah,passed,the ball, Sarah, his,determiner_or_possessive_fallback,"(9, 9)","(11, 7)"
"When Tom and Sarah went to the store, Tom passed the keys to", Sarah,Tom,Sarah,passed,the keys, the, the,determiner_or_possessive_fallback,"(9, 9)","(11, 8)"
"When Tom and Sarah went to the store, Tom passed the drink to", Sarah,Tom,Sarah,passed,the drink, Sarah, them,pronoun_fallback,"(9, 9)","(8, 3)"
"When Tom and Sarah went to the store, Tom passed the cake to", Sarah,Tom,Sarah,passed,the cake, Sarah, his,determiner_or_possessive_fallback,"(9, 9)","(9, 7)"
"When Tom and Sarah went to the store, Tom passed the letter to", Sarah,Tom,Sarah,passed,the letter, Sarah, his,determiner_or_possessive_fallback,"(9, 9)","(9, 7)"
"When Tom and Sarah went to the store, Tom brought the ball to", Sarah,Tom,Sarah,brought,the ball, Sarah, the,determiner_or_possessive_fallback,"(9, 9)","(11, 8)"
"When Tom and Sarah went to the store, Tom brought the keys to", Sarah,Tom,Sarah,brought,the keys, the, the,determiner_or_possessive_fallback,"(10, 0)","(11, 8)"
"When Tom and Sarah went to the store, Tom brought the drink to", Sarah,Tom,Sarah,brought,the drink, them, them,pronoun_fallback,"(9, 9)","(10, 9)"
"When Tom and Sarah went to the store, Tom brought the cake to", Sarah,Tom,Sarah,brought,the cake, Sarah, the,determiner_or_possessive_fallback,"(9, 9)","(11, 8)"
"When Tom and Sarah went to the store, Tom brought the letter to", Sarah,Tom,Sarah,brought,the letter, Sarah, them,pronoun_fallback,"(9, 9)","(11, 8)"
"When Tom and Sarah went to the store, Tom tossed the ball to", Sarah,Tom,Sarah,tossed,the ball, Sarah, the,determiner_or_possessive_fallback,"(9, 9)","(11, 8)"
"When Tom and Sarah went to the store, Tom tossed the keys to", Sarah,Tom,Sarah,tossed,the keys, the, the,determiner_or_possessive_fallback,"(10, 0)","(11, 8)"
"When Tom and Sarah went to the store, Tom tossed the drink to", Sarah,Tom,Sarah,tossed,the drink, Sarah, the,determiner_or_possessive_fallback,"(9, 9)","(11, 8)"
"When Tom and Sarah went to the store, Tom tossed the cake to", Sarah,Tom,Sarah,tossed,the cake, Sarah, the,determiner_or_possessive_fallback,"(9, 9)","(11, 8)"
"When Tom and Sarah went to the store, Tom tossed the letter to", Sarah,Tom,Sarah,tossed,the letter, Sarah, the,determiner_or_possessive_fallback,"(9, 9)","(11, 8)"
"When Alice and Bob went to the store, Alice gave the ball to", Bob,Alice,Bob,gave,the ball, Bob, Bob,backup_rescue,"(9, 9)","(10, 2)"
"When Alice and Bob went to the store, Alice gave the keys to", Bob,Alice,Bob,gave,the keys, Bob, Bob,backup_rescue,"(9, 9)","(11, 2)"
"When Alice and Bob went to the store, Alice gave the drink to", Bob,Alice,Bob,gave,the drink, Bob, Bob,backup_rescue,"(9, 9)","(10, 6)"
"When Alice and Bob went to the store, Alice gave the cake to", Bob,Alice,Bob,gave,the cake, Bob, Bob,backup_rescue,"(9, 9)","(10, 6)"
"When Alice and Bob went to the store, Alice gave the letter to", Bob,Alice,Bob,gave,the letter, Bob, Bob,backup_rescue,"(9, 9)","(10, 2)"
"When Alice and Bob went to the store, Alice handed the ball to", Bob,Alice,Bob,handed,the ball, Bob, Bob,backup_rescue,"(9, 9)","(10, 2)"
"When Alice and Bob went to the store, Alice handed the keys to", Bob,Alice,Bob,handed,the keys, Bob, Bob,backup_rescue,"(9, 9)","(10, 6)"
"When Alice and Bob went to the store, Alice handed the drink to", Bob,Alice,Bob,handed,the drink, Bob, Bob,backup_rescue,"(9, 9)","(10, 2)"
"When Alice and Bob went to the store, Alice handed the cake to", Bob,Alice,Bob,handed,the cake, Bob, Bob,backup_rescue,"(9, 9)","(10, 2)"
"When Alice and Bob went to the store, Alice handed the letter to", Bob,Alice,Bob,handed,the letter, Bob, Bob,backup_rescue,"(9, 9)","(10, 2)"
"When Alice and Bob went to the store, Alice passed the ball to", Bob,Alice,Bob,passed,the ball, Bob, Bob,backup_rescue,"(9, 9)","(10, 2)"
"When Alice and Bob went to the store, Alice passed the keys to", Bob,Alice,Bob,passed,the keys, Bob, Bob,backup_rescue,"(9, 9)","(11, 2)"
"When Alice and Bob went to the store, Alice passed the drink to", Bob,Alice,Bob,passed,the drink, Bob, Bob,backup_rescue,"(9, 9)","(10, 0)"
"When Alice and Bob went to the store, Alice passed the cake to", Bob,Alice,Bob,passed,the cake, Bob, Bob,backup_rescue,"(9, 9)","(11, 2)"
"When Alice and Bob went to the store, Alice passed the letter to", Bob,Alice,Bob,passed,the letter, Bob, Bob,backup_rescue,"(9, 9)","(10, 2)"
"When Alice and Bob went to the store, Alice brought the ball to", Bob,Alice,Bob,brought,the ball, Bob, her,determiner_or_possessive_fallback,"(9, 9)","(9, 7)"
"When Alice and Bob went to the store, Alice brought the keys to", Bob,Alice,Bob,brought,the keys, the, the,determiner_or_possessive_fallback,"(9, 9)","(11, 8)"
"When Alice and Bob went to the store, Alice brought the drink to", Bob,Alice,Bob,brought,the drink, Bob, her,determiner_or_possessive_fallback,"(9, 9)","(9, 7)"
"When Alice and Bob went to the store, Alice brought the cake to", Bob,Alice,Bob,brought,the cake, Bob, her,determiner_or_possessive_fallback,"(9, 9)","(9, 7)"
"When Alice and Bob went to the store, Alice brought the letter to", Bob,Alice,Bob,brought,the letter, Bob, her,determiner_or_possessive_fallback,"(9, 9)","(9, 7)"
"When Alice and Bob went to the store, Alice tossed the ball to", Bob,Alice,Bob,tossed,the ball, Bob, her,determiner_or_possessive_fallback,"(9, 9)","(9, 7)"
"When Alice and Bob went to the store, Alice tossed the keys to", Bob,Alice,Bob,tossed,the keys, the, the,determiner_or_possessive_fallback,"(9, 9)","(11, 8)"
"When Alice and Bob went to the store, Alice tossed the drink to", Bob,Alice,Bob,tossed,the drink, Bob, her,determiner_or_possessive_fallback,"(9, 9)","(9, 7)"
"When Alice and Bob went to the store, Alice tossed the cake to", Bob,Alice,Bob,tossed,the cake, Bob, the,determiner_or_possessive_fallback,"(9, 9)","(11, 8)"
"When Alice and Bob went to the store, Alice tossed the letter to", Bob,Alice,Bob,tossed,the letter, Bob, her,determiner_or_possessive_fallback,"(9, 9)","(9, 7)"
"When Sam and Lily went to the store, Sam gave the ball to", Lily,Sam,Lily,gave,the ball, Lily, Lily,backup_rescue,"(9, 9)","(11, 2)"
"When Sam and Lily went to the store, Sam gave the keys to", Lily,Sam,Lily,gave,the keys, Lily, the,determiner_or_possessive_fallback,"(9, 9)","(11, 8)"
"When Sam and Lily went to the store, Sam gave the drink to", Lily,Sam,Lily,gave,the drink, Lily, Lily,backup_rescue,"(9, 9)","(11, 2)"
"When Sam and Lily went to the store, Sam gave the cake to", Lily,Sam,Lily,gave,the cake, Lily, Lily,backup_rescue,"(9, 9)","(11, 2)"
"When Sam and Lily went to the store, Sam gave the letter to", Lily,Sam,Lily,gave,the letter, Lily, Lily,backup_rescue,"(9, 9)","(11, 2)"
"When Sam and Lily went to the store, Sam handed the ball to", Lily,Sam,Lily,handed,the ball, Lily, Lily,backup_rescue,"(9, 9)","(11, 2)"
"When Sam and Lily went to the store, Sam handed the keys to", Lily,Sam,Lily,handed,the keys, Lily, the,determiner_or_possessive_fallback,"(9, 9)","(11, 8)"
"When Sam and Lily went to the store, Sam handed the drink to", Lily,Sam,Lily,handed,the drink, Lily, Lily,backup_rescue,"(9, 9)","(11, 2)"
"When Sam and Lily went to the store, Sam handed the cake to", Lily,Sam,Lily,handed,the cake, Lily, Lily,backup_rescue,"(9, 9)","(11, 2)"
"When Sam and Lily went to the store, Sam handed the letter to", Lily,Sam,Lily,handed,the letter, Lily, Lily,backup_rescue,"(9, 9)","(11, 2)"
"When Sam and Lily went to the store, Sam passed the ball to", Lily,Sam,Lily,passed,the ball, Lily, his,determiner_or_possessive_fallback,"(9, 9)","(10, 9)"
"When Sam and Lily went to the store, Sam passed the keys to", Lily,Sam,Lily,passed,the keys, Lily, the,determiner_or_possessive_fallback,"(9, 9)","(11, 8)"
"When Sam and Lily went to the store, Sam passed the drink to", Lily,Sam,Lily,passed,the drink, Lily, Lily,backup_rescue,"(9, 9)","(11, 2)"
"When Sam and Lily went to the store, Sam passed the cake to", Lily,Sam,Lily,passed,the cake, Lily, Lily,backup_rescue,"(9, 9)","(11, 2)"
"When Sam and Lily went to the store, Sam passed the letter to", Lily,Sam,Lily,passed,the letter, Lily, his,determiner_or_possessive_fallback,"(9, 9)","(9, 7)"
"When Sam and Lily went to the store, Sam brought the ball to", Lily,Sam,Lily,brought,the ball, Lily, the,determiner_or_possessive_fallback,"(9, 9)","(11, 8)"
"When Sam and Lily went to the store, Sam brought the keys to", Lily,Sam,Lily,brought,the keys, the, the,determiner_or_possessive_fallback,"(10, 0)","(11, 8)"
"When Sam and Lily went to the store, Sam brought the drink to", Lily,Sam,Lily,brought,the drink, Lily, them,pronoun_fallback,"(9, 9)","(11, 8)"
"When Sam and Lily went to the store, Sam brought the cake to", Lily,Sam,Lily,brought,the cake, Lily, the,determiner_or_possessive_fallback,"(9, 9)","(11, 8)"
"When Sam and Lily went to the store, Sam brought the letter to", Lily,Sam,Lily,brought,the letter, Lily, the,determiner_or_possessive_fallback,"(9, 9)","(11, 8)"
"When Sam and Lily went to the store, Sam tossed the ball to", Lily,Sam,Lily,tossed,the ball, Lily, the,determiner_or_possessive_fallback,"(9, 9)","(11, 8)"
"When Sam and Lily went to the store, Sam tossed the keys to", Lily,Sam,Lily,tossed,the keys, the, the,determiner_or_possessive_fallback,"(10, 0)","(11, 8)"
"When Sam and Lily went to the store, Sam tossed the drink to", Lily,Sam,Lily,tossed,the drink, Lily, the,determiner_or_possessive_fallback,"(9, 9)","(11, 8)"
"When Sam and Lily went to the store, Sam tossed the cake to", Lily,Sam,Lily,tossed,the cake, Lily, the,determiner_or_possessive_fallback,"(9, 9)","(11, 8)"
"When Sam and Lily went to the store, Sam tossed the letter to", Lily,Sam,Lily,tossed,the letter, Lily, the,determiner_or_possessive_fallback,"(9, 9)","(11, 8)"
"When Alex and Quinn went to the store, Alex gave the ball to", Quinn,Alex,Quinn,gave,the ball, Quinn, Quinn,backup_rescue,"(9, 6)","(11, 2)"
"When Alex and Quinn went to the store, Alex gave the keys to", Quinn,Alex,Quinn,gave,the keys, Quinn, Quinn,backup_rescue,"(9, 6)","(11, 2)"
"When Alex and Quinn went to the store, Alex gave the drink to", Quinn,Alex,Quinn,gave,the drink, Quinn, Quinn,backup_rescue,"(9, 6)","(11, 2)"
"When Alex and Quinn went to the store, Alex gave the cake to", Quinn,Alex,Quinn,gave,the cake, Quinn, Quinn,backup_rescue,"(9, 6)","(11, 2)"
"When Alex and Quinn went to the store, Alex gave the letter to", Quinn,Alex,Quinn,gave,the letter, Quinn, Quinn,backup_rescue,"(9, 6)","(11, 2)"
"When Alex and Quinn went to the store, Alex handed the ball to", Quinn,Alex,Quinn,handed,the ball, Quinn, Quinn,backup_rescue,"(9, 6)","(11, 2)"
"When Alex and Quinn went to the store, Alex handed the keys to", Quinn,Alex,Quinn,handed,the keys, Quinn, Quinn,backup_rescue,"(9, 6)","(11, 2)"
"When Alex and Quinn went to the store, Alex handed the drink to", Quinn,Alex,Quinn,handed,the drink, Quinn, Quinn,backup_rescue,"(9, 6)","(11, 2)"
"When Alex and Quinn went to the store, Alex handed the cake to", Quinn,Alex,Quinn,handed,the cake, Quinn, Quinn,backup_rescue,"(9, 6)","(11, 2)"
"When Alex and Quinn went to the store, Alex handed the letter to", Quinn,Alex,Quinn,handed,the letter, Quinn, Quinn,backup_rescue,"(9, 6)","(11, 2)"
"When Alex and Quinn went to the store, Alex passed the ball to", Quinn,Alex,Quinn,passed,the ball, Quinn, Quinn,backup_rescue,"(9, 9)","(11, 2)"
"When Alex and Quinn went to the store, Alex passed the keys to", Quinn,Alex,Quinn,passed,the keys, Quinn, the,determiner_or_possessive_fallback,"(9, 6)","(11, 8)"
"When Alex and Quinn went to the store, Alex passed the drink to", Quinn,Alex,Quinn,passed,the drink, Quinn, Quinn,backup_rescue,"(9, 6)","(11, 2)"
"When Alex and Quinn went to the store, Alex passed the cake to", Quinn,Alex,Quinn,passed,the cake, Quinn, Quinn,backup_rescue,"(9, 6)","(11, 2)"
"When Alex and Quinn went to the store, Alex passed the letter to", Quinn,Alex,Quinn,passed,the letter, Quinn, Quinn,backup_rescue,"(9, 6)","(11, 2)"
"When Alex and Quinn went to the store, Alex brought the ball to", Quinn,Alex,Quinn,brought,the ball, Quinn, the,determiner_or_possessive_fallback,"(9, 9)","(11, 8)"
"When Alex and Quinn went to the store, Alex brought the keys to", Quinn,Alex,Quinn,brought,the keys, the, the,determiner_or_possessive_fallback,"(9, 6)","(11, 8)"
"When Alex and Quinn went to the store, Alex brought the drink to", Quinn,Alex,Quinn,brought,the drink, her, her,determiner_or_possessive_fallback,"(9, 9)","(10, 9)"
"When Alex and Quinn went to the store, Alex brought the cake to", Quinn,Alex,Quinn,brought,the cake, her, her,determiner_or_possessive_fallback,"(9, 9)","(10, 9)"
"When Alex and Quinn went to the store, Alex brought the letter to", Quinn,Alex,Quinn,brought,the letter, Quinn, her,determiner_or_possessive_fallback,"(9, 9)","(9, 7)"
"When Alex and Quinn went to the store, Alex tossed the ball to", Quinn,Alex,Quinn,tossed,the ball, Quinn, Quinn,backup_rescue,"(9, 9)","(11, 2)"
"When Alex and Quinn went to the store, Alex tossed the keys to", Quinn,Alex,Quinn,tossed,the keys, the, the,determiner_or_possessive_fallback,"(9, 6)","(11, 8)"
"When Alex and Quinn went to the store, Alex tossed the drink to", Quinn,Alex,Quinn,tossed,the drink, Quinn, Quinn,backup_rescue,"(9, 9)","(11, 2)"
"When Alex and Quinn went to the store, Alex tossed the cake to", Quinn,Alex,Quinn,tossed,the cake, Quinn, Quinn,backup_rescue,"(9, 9)","(11, 2)"
"When Alex and Quinn went to the store, Alex tossed the letter to", Quinn,Alex,Quinn,tossed,the letter, Quinn, her,determiner_or_possessive_fallback,"(9, 6)","(9, 7)"
"When Jack and Jill went to the store, Jack gave the ball to", Jill,Jack,Jill,gave,the ball, Jill, Jill,backup_rescue,"(9, 9)","(11, 2)"
"When Jack and Jill went to the store, Jack gave the keys to", Jill,Jack,Jill,gave,the keys, Jill, the,determiner_or_possessive_fallback,"(9, 9)","(11, 8)"
"When Jack and Jill went to the store, Jack gave the drink to", Jill,Jack,Jill,gave,the drink, Jill, Jill,backup_rescue,"(9, 9)","(11, 2)"
"When Jack and Jill went to the store, Jack gave the cake to", Jill,Jack,Jill,gave,the cake, Jill, Jill,backup_rescue,"(9, 9)","(11, 2)"
"When Jack and Jill went to the store, Jack gave the letter to", Jill,Jack,Jill,gave,the letter, Jill, Jill,backup_rescue,"(9, 9)","(11, 2)"
"When Jack and Jill went to the store, Jack handed the ball to", Jill,Jack,Jill,handed,the ball, Jill, Jill,backup_rescue,"(9, 9)","(11, 2)"
"When Jack and Jill went to the store, Jack handed the keys to", Jill,Jack,Jill,handed,the keys, Jill, Jill,backup_rescue,"(9, 9)","(11, 2)"
"When Jack and Jill went to the store, Jack handed the drink to", Jill,Jack,Jill,handed,the drink, Jill, Jill,backup_rescue,"(9, 9)","(11, 2)"
"When Jack and Jill went to the store, Jack handed the cake to", Jill,Jack,Jill,handed,the cake, Jill, Jill,backup_rescue,"(9, 9)","(11, 2)"
"When Jack and Jill went to the store, Jack handed the letter to", Jill,Jack,Jill,handed,the letter, Jill, Jill,backup_rescue,"(9, 9)","(11, 2)"
"When Jack and Jill went to the store, Jack passed the ball to", Jill,Jack,Jill,passed,the ball, Jill, Jill,backup_rescue,"(9, 9)","(11, 2)"
"When Jack and Jill went to the store, Jack passed the keys to", Jill,Jack,Jill,passed,the keys, the, the,determiner_or_possessive_fallback,"(9, 9)","(11, 8)"
"When Jack and Jill went to the store, Jack passed the drink to", Jill,Jack,Jill,passed,the drink, Jill, Jill,backup_rescue,"(9, 9)","(11, 2)"
"When Jack and Jill went to the store, Jack passed the cake to", Jill,Jack,Jill,passed,the cake, Jill, Jill,backup_rescue,"(9, 9)","(11, 2)"
"When Jack and Jill went to the store, Jack passed the letter to", Jill,Jack,Jill,passed,the letter, Jill, Jill,backup_rescue,"(9, 9)","(11, 2)"
"When Jack and Jill went to the store, Jack brought the ball to", Jill,Jack,Jill,brought,the ball, Jill, the,determiner_or_possessive_fallback,"(9, 9)","(11, 8)"
"When Jack and Jill went to the store, Jack brought the keys to", Jill,Jack,Jill,brought,the keys, the, the,determiner_or_possessive_fallback,"(9, 9)","(11, 8)"
"When Jack and Jill went to the store, Jack brought the drink to", Jill,Jack,Jill,brought,the drink, Jill, Jill,backup_rescue,"(9, 9)","(11, 2)"
"When Jack and Jill went to the store, Jack brought the cake to", Jill,Jack,Jill,brought,the cake, Jill, the,determiner_or_possessive_fallback,"(9, 9)","(11, 8)"
"When Jack and Jill went to the store, Jack brought the letter to", Jill,Jack,Jill,brought,the letter, Jill, Jill,backup_rescue,"(9, 9)","(11, 2)"
"When Jack and Jill went to the store, Jack tossed the ball to", Jill,Jack,Jill,tossed,the ball, Jill, Jill,backup_rescue,"(9, 9)","(11, 2)"
"When Jack and Jill went to the store, Jack tossed the keys to", Jill,Jack,Jill,tossed,the keys, the, the,determiner_or_possessive_fallback,"(9, 6)","(11, 8)"
"When Jack and Jill went to the store, Jack tossed the drink to", Jill,Jack,Jill,tossed,the drink, Jill, Jill,backup_rescue,"(9, 9)","(11, 2)"
"When Jack and Jill went to the store, Jack tossed the cake to", Jill,Jack,Jill,tossed,the cake, Jill, Jill,backup_rescue,"(9, 9)","(11, 2)"
"When Jack and Jill went to the store, Jack tossed the letter to", Jill,Jack,Jill,tossed,the letter, Jill, Jill,backup_rescue,"(9, 9)","(11, 2)"
"When Ryan and Nolan went to the store, Ryan gave the ball to", Nolan,Ryan,Nolan,gave,the ball, Nolan, his,determiner_or_possessive_fallback,"(9, 9)","(9, 7)"
"When Ryan and Nolan went to the store, Ryan gave the keys to", Nolan,Ryan,Nolan,gave,the keys, the, the,determiner_or_possessive_fallback,"(9, 9)","(11, 8)"
"When Ryan and Nolan went to the store, Ryan gave the drink to", Nolan,Ryan,Nolan,gave,the drink, Nolan, Nolan,backup_rescue,"(9, 9)","(11, 2)"
"When Ryan and Nolan went to the store, Ryan gave the cake to", Nolan,Ryan,Nolan,gave,the cake, Nolan, Nolan,backup_rescue,"(9, 9)","(11, 2)"
"When Ryan and Nolan went to the store, Ryan gave the letter to", Nolan,Ryan,Nolan,gave,the letter, Nolan, Nolan,backup_rescue,"(9, 9)","(11, 2)"
"When Ryan and Nolan went to the store, Ryan handed the ball to", Nolan,Ryan,Nolan,handed,the ball, Nolan, his,determiner_or_possessive_fallback,"(9, 9)","(9, 7)"
"When Ryan and Nolan went to the store, Ryan handed the keys to", Nolan,Ryan,Nolan,handed,the keys, Nolan, the,determiner_or_possessive_fallback,"(9, 9)","(11, 8)"
"When Ryan and Nolan went to the store, Ryan handed the drink to", Nolan,Ryan,Nolan,handed,the drink, Nolan, his,determiner_or_possessive_fallback,"(9, 9)","(9, 7)"
"When Ryan and Nolan went to the store, Ryan handed the cake to", Nolan,Ryan,Nolan,handed,the cake, Nolan, Nolan,backup_rescue,"(9, 9)","(11, 2)"
"When Ryan and Nolan went to the store, Ryan handed the letter to", Nolan,Ryan,Nolan,handed,the letter, Nolan, Nolan,backup_rescue,"(9, 9)","(11, 2)"
"When Ryan and Nolan went to the store, Ryan passed the ball to", Nolan,Ryan,Nolan,passed,the ball, Nolan, his,determiner_or_possessive_fallback,"(9, 9)","(9, 7)"
"When Ryan and Nolan went to the store, Ryan passed the keys to", Nolan,Ryan,Nolan,passed,the keys, the, the,determiner_or_possessive_fallback,"(10, 0)","(11, 8)"
"When Ryan and Nolan went to the store, Ryan passed the drink to", Nolan,Ryan,Nolan,passed,the drink, Nolan, Nolan,backup_rescue,"(9, 9)","(11, 2)"
"When Ryan and Nolan went to the store, Ryan passed the cake to", Nolan,Ryan,Nolan,passed,the cake, Nolan, Nolan,backup_rescue,"(9, 9)","(11, 2)"
"When Ryan and Nolan went to the store, Ryan passed the letter to", Nolan,Ryan,Nolan,passed,the letter, Nolan, his,determiner_or_possessive_fallback,"(9, 9)","(9, 7)"
"When Ryan and Nolan went to the store, Ryan brought the ball to", Nolan,Ryan,Nolan,brought,the ball, the, the,determiner_or_possessive_fallback,"(9, 9)","(11, 8)"
"When Ryan and Nolan went to the store, Ryan brought the keys to", Nolan,Ryan,Nolan,brought,the keys, the, the,determiner_or_possessive_fallback,"(10, 0)","(11, 8)"
"When Ryan and Nolan went to the store, Ryan brought the drink to", Nolan,Ryan,Nolan,brought,the drink, the, them,pronoun_fallback,"(9, 9)","(11, 8)"
"When Ryan and Nolan went to the store, Ryan brought the cake to", Nolan,Ryan,Nolan,brought,the cake, the, the,determiner_or_possessive_fallback,"(9, 9)","(11, 8)"
"When Ryan and Nolan went to the store, Ryan brought the letter to", Nolan,Ryan,Nolan,brought,the letter, Nolan, them,pronoun_fallback,"(9, 9)","(11, 8)"
"When Ryan and Nolan went to the store, Ryan tossed the ball to", Nolan,Ryan,Nolan,tossed,the ball, Nolan, Nolan,backup_rescue,"(9, 9)","(11, 2)"
"When Ryan and Nolan went to the store, Ryan tossed the keys to", Nolan,Ryan,Nolan,tossed,the keys, the, the,determiner_or_possessive_fallback,"(10, 0)","(11, 8)"
"When Ryan and Nolan went to the store, Ryan tossed the drink to", Nolan,Ryan,Nolan,tossed,the drink, Nolan, the,determiner_or_possessive_fallback,"(9, 9)","(11, 8)"
"When Ryan and Nolan went to the store, Ryan tossed the cake to", Nolan,Ryan,Nolan,tossed,the cake, the, the,determiner_or_possessive_fallback,"(9, 9)","(11, 8)"
"When Ryan and Nolan went to the store, Ryan tossed the letter to", Nolan,Ryan,Nolan,tossed,the letter, Nolan, the,determiner_or_possessive_fallback,"(9, 9)","(11, 8)"
"When John and Mary went to the store, John gave the ball to", Mary,John,Mary,gave,the ball, Mary, Mary,backup_rescue,"(9, 9)","(10, 10)"
"When John and Mary went to the store, John gave the keys to", Mary,John,Mary,gave,the keys, the, the,determiner_or_possessive_fallback,"(9, 9)","(11, 8)"
"When John and Mary went to the store, John gave the drink to", Mary,John,Mary,gave,the drink, Mary, them,pronoun_fallback,"(9, 9)","(11, 8)"
"When John and Mary went to the store, John gave the cake to", Mary,John,Mary,gave,the cake, Mary, Mary,backup_rescue,"(9, 9)","(10, 2)"
"When John and Mary went to the store, John gave the letter to", Mary,John,Mary,gave,the letter, Mary, Mary,backup_rescue,"(9, 9)","(10, 2)"
"When John and Mary went to the store, John handed the ball to", Mary,John,Mary,handed,the ball, Mary, Mary,backup_rescue,"(9, 9)","(10, 2)"
"When John and Mary went to the store, John handed the keys to", Mary,John,Mary,handed,the keys, Mary, the,determiner_or_possessive_fallback,"(9, 9)","(11, 8)"
"When John and Mary went to the store, John handed the drink to", Mary,John,Mary,handed,the drink, Mary, Mary,backup_rescue,"(9, 9)","(10, 2)"
"When John and Mary went to the store, John handed the cake to", Mary,John,Mary,handed,the cake, Mary, Mary,backup_rescue,"(9, 9)","(10, 2)"
"When John and Mary went to the store, John handed the letter to", Mary,John,Mary,handed,the letter, Mary, Mary,backup_rescue,"(9, 9)","(10, 2)"
"When John and Mary went to the store, John passed the ball to", Mary,John,Mary,passed,the ball, Mary, Mary,backup_rescue,"(9, 9)","(10, 10)"
"When John and Mary went to the store, John passed the keys to", Mary,John,Mary,passed,the keys, the, the,determiner_or_possessive_fallback,"(10, 0)","(11, 8)"
"When John and Mary went to the store, John passed the drink to", Mary,John,Mary,passed,the drink, Mary, them,pronoun_fallback,"(9, 9)","(11, 8)"
"When John and Mary went to the store, John passed the cake to", Mary,John,Mary,passed,the cake, Mary, her,determiner_or_possessive_fallback,"(9, 9)","(11, 8)"
"When John and Mary went to the store, John passed the letter to", Mary,John,Mary,passed,the letter, Mary, Mary,backup_rescue,"(9, 9)","(10, 10)"
"When John and Mary went to the store, John brought the ball to", Mary,John,Mary,brought,the ball, Mary, them,pronoun_fallback,"(9, 9)","(11, 8)"
"When John and Mary went to the store, John brought the keys to", Mary,John,Mary,brought,the keys, the, the,determiner_or_possessive_fallback,"(10, 0)","(11, 8)"
"When John and Mary went to the store, John brought the drink to", Mary,John,Mary,brought,the drink, them, them,pronoun_fallback,"(9, 9)","(11, 8)"
"When John and Mary went to the store, John brought the cake to", Mary,John,Mary,brought,the cake, Mary, them,pronoun_fallback,"(9, 9)","(11, 8)"
"When John and Mary went to the store, John brought the letter to", Mary,John,Mary,brought,the letter, Mary, them,pronoun_fallback,"(9, 9)","(11, 8)"
"When John and Mary went to the store, John tossed the ball to", Mary,John,Mary,tossed,the ball, Mary, the,determiner_or_possessive_fallback,"(9, 9)","(11, 8)"
"When John and Mary went to the store, John tossed the keys to", Mary,John,Mary,tossed,the keys, the, the,determiner_or_possessive_fallback,"(10, 0)","(11, 8)"
"When John and Mary went to the store, John tossed the drink to", Mary,John,Mary,tossed,the drink, Mary, the,determiner_or_possessive_fallback,"(9, 9)","(11, 8)"
"When John and Mary went to the store, John tossed the cake to", Mary,John,Mary,tossed,the cake, Mary, the,determiner_or_possessive_fallback,"(9, 9)","(11, 8)"
"When John and Mary went to the store, John tossed the letter to", Mary,John,Mary,tossed,the letter, Mary, the,determiner_or_possessive_fallback,"(9, 9)","(11, 8)"
"When Connor and Zach went to the store, Connor gave the ball to", Zach,Connor,Zach,gave,the ball, Zach, Zach,backup_rescue,"(9, 9)","(10, 0)"
"When Connor and Zach went to the store, Connor gave the keys to", Zach,Connor,Zach,gave,the keys, the, the,determiner_or_possessive_fallback,"(9, 9)","(11, 8)"
"When Connor and Zach went to the store, Connor gave the drink to", Zach,Connor,Zach,gave,the drink, Zach, Zach,backup_rescue,"(9, 9)","(10, 0)"
"When Connor and Zach went to the store, Connor gave the cake to", Zach,Connor,Zach,gave,the cake, Zach, Zach,backup_rescue,"(9, 9)","(10, 0)"
"When Connor and Zach went to the store, Connor gave the letter to", Zach,Connor,Zach,gave,the letter, Zach, Zach,backup_rescue,"(9, 9)","(10, 2)"
"When Connor and Zach went to the store, Connor handed the ball to", Zach,Connor,Zach,handed,the ball, Zach, Zach,backup_rescue,"(9, 9)","(10, 0)"
"When Connor and Zach went to the store, Connor handed the keys to", Zach,Connor,Zach,handed,the keys, Zach, the,determiner_or_possessive_fallback,"(9, 9)","(11, 8)"
"When Connor and Zach went to the store, Connor handed the drink to", Zach,Connor,Zach,handed,the drink, Zach, Zach,backup_rescue,"(9, 9)","(10, 0)"
"When Connor and Zach went to the store, Connor handed the cake to", Zach,Connor,Zach,handed,the cake, Zach, Zach,backup_rescue,"(9, 9)","(10, 0)"
"When Connor and Zach went to the store, Connor handed the letter to", Zach,Connor,Zach,handed,the letter, Zach, Zach,backup_rescue,"(9, 9)","(10, 2)"
"When Connor and Zach went to the store, Connor passed the ball to", Zach,Connor,Zach,passed,the ball, Zach, Zach,backup_rescue,"(9, 9)","(10, 0)"
"When Connor and Zach went to the store, Connor passed the keys to", Zach,Connor,Zach,passed,the keys, the, the,determiner_or_possessive_fallback,"(9, 9)","(11, 8)"
"When Connor and Zach went to the store, Connor passed the drink to", Zach,Connor,Zach,passed,the drink, Zach, Zach,backup_rescue,"(9, 9)","(10, 0)"
"When Connor and Zach went to the store, Connor passed the cake to", Zach,Connor,Zach,passed,the cake, Zach, Zach,backup_rescue,"(9, 9)","(10, 0)"
"When Connor and Zach went to the store, Connor passed the letter to", Zach,Connor,Zach,passed,the letter, Zach, Zach,backup_rescue,"(9, 9)","(10, 2)"
"When Connor and Zach went to the store, Connor brought the ball to", Zach,Connor,Zach,brought,the ball, the, the,determiner_or_possessive_fallback,"(9, 9)","(11, 8)"
"When Connor and Zach went to the store, Connor brought the keys to", Zach,Connor,Zach,brought,the keys, the, the,determiner_or_possessive_fallback,"(10, 0)","(11, 8)"
"When Connor and Zach went to the store, Connor brought the drink to", Zach,Connor,Zach,brought,the drink, the, the,determiner_or_possessive_fallback,"(9, 9)","(11, 8)"
"When Connor and Zach went to the store, Connor brought the cake to", Zach,Connor,Zach,brought,the cake, the, the,determiner_or_possessive_fallback,"(9, 9)","(11, 8)"
"When Connor and Zach went to the store, Connor brought the letter to", Zach,Connor,Zach,brought,the letter, Zach, the,determiner_or_possessive_fallback,"(9, 9)","(11, 8)"
"When Connor and Zach went to the store, Connor tossed the ball to", Zach,Connor,Zach,tossed,the ball, Zach, the,determiner_or_possessive_fallback,"(9, 9)","(11, 8)"
"When Connor and Zach went to the store, Connor tossed the keys to", Zach,Connor,Zach,tossed,the keys, the, the,determiner_or_possessive_fallback,"(10, 10)","(11, 8)"
"When Connor and Zach went to the store, Connor tossed the drink to", Zach,Connor,Zach,tossed,the drink, Zach, Zach,backup_rescue,"(9, 9)","(11, 6)"
"When Connor and Zach went to the store, Connor tossed the cake to", Zach,Connor,Zach,tossed,the cake, Zach, the,determiner_or_possessive_fallback,"(9, 9)","(11, 8)"
"When Connor and Zach went to the store, Connor tossed the letter to", Zach,Connor,Zach,tossed,the letter, Zach, the,determiner_or_possessive_fallback,"(9, 9)","(11, 8)"
"When Jason and Sharon went to the store, Jason gave the ball to", Sharon,Jason,Sharon,gave,the ball, Sharon, Sharon,backup_rescue,"(9, 9)","(11, 2)"
"When Jason and Sharon went to the store, Jason gave the keys to", Sharon,Jason,Sharon,gave,the keys, Sharon, the,determiner_or_possessive_fallback,"(9, 9)","(11, 8)"
"When Jason and Sharon went to the store, Jason gave the drink to", Sharon,Jason,Sharon,gave,the drink, Sharon, Sharon,backup_rescue,"(9, 9)","(11, 2)"
"When Jason and Sharon went to the store, Jason gave the cake to", Sharon,Jason,Sharon,gave,the cake, Sharon, Sharon,backup_rescue,"(9, 9)","(11, 2)"
"When Jason and Sharon went to the store, Jason gave the letter to", Sharon,Jason,Sharon,gave,the letter, Sharon, Sharon,backup_rescue,"(9, 9)","(11, 2)"
"When Jason and Sharon went to the store, Jason handed the ball to", Sharon,Jason,Sharon,handed,the ball, Sharon, Sharon,backup_rescue,"(9, 9)","(11, 2)"
"When Jason and Sharon went to the store, Jason handed the keys to", Sharon,Jason,Sharon,handed,the keys, Sharon, Sharon,backup_rescue,"(9, 9)","(11, 2)"
"When Jason and Sharon went to the store, Jason handed the drink to", Sharon,Jason,Sharon,handed,the drink, Sharon, Sharon,backup_rescue,"(9, 9)","(11, 2)"
"When Jason and Sharon went to the store, Jason handed the cake to", Sharon,Jason,Sharon,handed,the cake, Sharon, Sharon,backup_rescue,"(9, 9)","(11, 2)"
"When Jason and Sharon went to the store, Jason handed the letter to", Sharon,Jason,Sharon,handed,the letter, Sharon, Sharon,backup_rescue,"(9, 9)","(11, 2)"
"When Jason and Sharon went to the store, Jason passed the ball to", Sharon,Jason,Sharon,passed,the ball, Sharon, Sharon,backup_rescue,"(9, 9)","(11, 2)"
"When Jason and Sharon went to the store, Jason passed the keys to", Sharon,Jason,Sharon,passed,the keys, the, the,determiner_or_possessive_fallback,"(9, 9)","(11, 8)"
"When Jason and Sharon went to the store, Jason passed the drink to", Sharon,Jason,Sharon,passed,the drink, Sharon, Sharon,backup_rescue,"(9, 9)","(11, 2)"
"When Jason and Sharon went to the store, Jason passed the cake to", Sharon,Jason,Sharon,passed,the cake, Sharon, Sharon,backup_rescue,"(9, 9)","(11, 2)"
"When Jason and Sharon went to the store, Jason passed the letter to", Sharon,Jason,Sharon,passed,the letter, Sharon, Sharon,backup_rescue,"(9, 9)","(11, 2)"
"When Jason and Sharon went to the store, Jason brought the ball to", Sharon,Jason,Sharon,brought,the ball, his, the,determiner_or_possessive_fallback,"(9, 9)","(11, 8)"
"When Jason and Sharon went to the store, Jason brought the keys to", Sharon,Jason,Sharon,brought,the keys, the, the,determiner_or_possessive_fallback,"(10, 0)","(11, 8)"
"When Jason and Sharon went to the store, Jason brought the drink to", Sharon,Jason,Sharon,brought,the drink, Sharon, them,pronoun_fallback,"(9, 9)","(11, 8)"
"When Jason and Sharon went to the store, Jason brought the cake to", Sharon,Jason,Sharon,brought,the cake, Sharon, them,pronoun_fallback,"(9, 9)","(11, 8)"
"When Jason and Sharon went to the store, Jason brought the letter to", Sharon,Jason,Sharon,brought,the letter, Sharon, Sharon,backup_rescue,"(9, 9)","(11, 2)"
"When Jason and Sharon went to the store, Jason tossed the ball to", Sharon,Jason,Sharon,tossed,the ball, Sharon, Sharon,backup_rescue,"(9, 9)","(11, 2)"
"When Jason and Sharon went to the store, Jason tossed the keys to", Sharon,Jason,Sharon,tossed,the keys, the, the,determiner_or_possessive_fallback,"(10, 0)","(11, 8)"
"When Jason and Sharon went to the store, Jason tossed the drink to", Sharon,Jason,Sharon,tossed,the drink, Sharon, Sharon,backup_rescue,"(9, 9)","(11, 2)"
"When Jason and Sharon went to the store, Jason tossed the cake to", Sharon,Jason,Sharon,tossed,the cake, Sharon, Sharon,backup_rescue,"(9, 9)","(11, 2)"
"When Jason and Sharon went to the store, Jason tossed the letter to", Sharon,Jason,Sharon,tossed,the letter, Sharon, Sharon,backup_rescue,"(9, 9)","(11, 2)"
"When Fred and Ned went to the store, Fred gave the ball to", Ned,Fred,Ned,gave,the ball, Ned, Ned,backup_rescue,"(9, 9)","(11, 2)"
"When Fred and Ned went to the store, Fred gave the keys to", Ned,Fred,Ned,gave,the keys, the, the,determiner_or_possessive_fallback,"(9, 9)","(11, 8)"
"When Fred and Ned went to the store, Fred gave the drink to", Ned,Fred,Ned,gave,the drink, Ned, Ned,backup_rescue,"(9, 9)","(11, 2)"
"When Fred and Ned went to the store, Fred gave the cake to", Ned,Fred,Ned,gave,the cake, Ned, Ned,backup_rescue,"(9, 9)","(11, 2)"
"When Fred and Ned went to the store, Fred gave the letter to", Ned,Fred,Ned,gave,the letter, Ned, Ned,backup_rescue,"(9, 9)","(11, 2)"
"When Fred and Ned went to the store, Fred handed the ball to", Ned,Fred,Ned,handed,the ball, Ned, Ned,backup_rescue,"(9, 9)","(11, 2)"
"When Fred and Ned went to the store, Fred handed the keys to", Ned,Fred,Ned,handed,the keys, Ned, Ned,backup_rescue,"(9, 9)","(11, 2)"
"When Fred and Ned went to the store, Fred handed the drink to", Ned,Fred,Ned,handed,the drink, Ned, Ned,backup_rescue,"(9, 9)","(11, 2)"
"When Fred and Ned went to the store, Fred handed the cake to", Ned,Fred,Ned,handed,the cake, Ned, Ned,backup_rescue,"(9, 9)","(11, 2)"
"When Fred and Ned went to the store, Fred handed the letter to", Ned,Fred,Ned,handed,the letter, Ned, Ned,backup_rescue,"(9, 9)","(11, 2)"
"When Fred and Ned went to the store, Fred passed the ball to", Ned,Fred,Ned,passed,the ball, Ned, Ned,backup_rescue,"(9, 9)","(11, 2)"
"When Fred and Ned went to the store, Fred passed the keys to", Ned,Fred,Ned,passed,the keys, the, the,determiner_or_possessive_fallback,"(10, 0)","(11, 8)"
"When Fred and Ned went to the store, Fred passed the drink to", Ned,Fred,Ned,passed,the drink, Ned, Ned,backup_rescue,"(9, 9)","(11, 2)"
"When Fred and Ned went to the store, Fred passed the cake to", Ned,Fred,Ned,passed,the cake, Ned, Ned,backup_rescue,"(9, 9)","(11, 2)"
"When Fred and Ned went to the store, Fred passed the letter to", Ned,Fred,Ned,passed,the letter, Ned, Ned,backup_rescue,"(9, 9)","(11, 2)"
"When Fred and Ned went to the store, Fred brought the ball to", Ned,Fred,Ned,brought,the ball, the, the,determiner_or_possessive_fallback,"(9, 9)","(11, 8)"
"When Fred and Ned went to the store, Fred brought the keys to", Ned,Fred,Ned,brought,the keys, the, the,determiner_or_possessive_fallback,"(10, 0)","(11, 8)"
"When Fred and Ned went to the store, Fred brought the drink to", Ned,Fred,Ned,brought,the drink, them, them,pronoun_fallback,"(9, 9)","(11, 8)"
"When Fred and Ned went to the store, Fred brought the cake to", Ned,Fred,Ned,brought,the cake, the, the,determiner_or_possessive_fallback,"(9, 9)","(11, 8)"
"When Fred and Ned went to the store, Fred brought the letter to", Ned,Fred,Ned,brought,the letter, the, them,pronoun_fallback,"(9, 9)","(11, 8)"
"When Fred and Ned went to the store, Fred tossed the ball to", Ned,Fred,Ned,tossed,the ball, Ned, the,determiner_or_possessive_fallback,"(9, 9)","(11, 8)"
"When Fred and Ned went to the store, Fred tossed the keys to", Ned,Fred,Ned,tossed,the keys, the, the,determiner_or_possessive_fallback,"(10, 0)","(11, 8)"
"When Fred and Ned went to the store, Fred tossed the drink to", Ned,Fred,Ned,tossed,the drink, Ned, the,determiner_or_possessive_fallback,"(9, 9)","(11, 8)"
"When Fred and Ned went to the store, Fred tossed the cake to", Ned,Fred,Ned,tossed,the cake, the, the,determiner_or_possessive_fallback,"(9, 9)","(11, 8)"
"When Fred and Ned went to the store, Fred tossed the letter to", Ned,Fred,Ned,tossed,the letter, Ned, Ned,backup_rescue,"(9, 9)","(11, 2)"
